﻿Family;Species;Category
Rhysodidae;Omoglymmius germari;1
Rhysodidae;Rhysodes sulcatus;1
Histeridae;Abraeus parvulus;2
Histeridae;Epierus comptus;2
Histeridae;Platylomalus complanatus;2
Histeridae;Platysoma deplanatum;1
Leiodidae;Dreposcia umbrina;1
Staphylinidae;Abemus chloropterus;2
Staphylinidae;Batrisodes hubenthali;2
Staphylinidae;Bibloporus ultimus;1
Staphylinidae;Bolitochara lucida;2
Staphylinidae;Euryusa coarctata;2
Staphylinidae;Gyrophaena nitidula;2
Staphylinidae;Hesperus rufipennis;2
Staphylinidae;Lordithon pulchellus;2
Staphylinidae;Lordithon speciosus;2
Staphylinidae;Olisthaerus substriatus;2
Staphylinidae;Phymatura brevicollis;2
Staphylinidae;Quedius infuscatus;2
Staphylinidae;Quedius truncicola;2
Staphylinidae;Sepedophilus binotatus;2
Staphylinidae;Stenichnus foveola;1
Staphylinidae;Tachyusida gracilis;1
Staphylinidae;Thoracophorus corticinus;2
Staphylinidae;Trigonurus mellyi;2
Lycidae;Lopheros lineatus;2
Cleridae;Dermestoides sanguinicollis;2
Derodontidae;Derodontus macularis;2
Trogositidae;Calitys scabra;1
Trogositidae;Grynocharis oblonga;2
Trogositidae;Peltis grossa;1
Trogositidae;Temnochila caerulea;2
Elateridae;Ampedus auripes;2
Elateridae;Ampedus brunnicornis;1
Elateridae;Ampedus cardinalis;1
Elateridae;Ampedus elegantulus;2
Elateridae;Ampedus melanurus;2
Elateridae;Ampedus quadrisignatus;1
Elateridae;Ampedus suecicus;1
Elateridae;Ampedus tristis;2
Elateridae;Brachygonus ruficeps;1
Elateridae;Cardiophorus gramineus;2
Elateridae;Crepidophorus mutilatus;2
Elateridae;Danosoma conspersum;1
Elateridae;Denticollis borealis;1
Elateridae;Elater ferrugineus;2
Elateridae;Ischnodes sanguinicollis;2
Elateridae;Lacon lepidopterus;1
Elateridae;Lacon punctatus;2
Elateridae;Lacon querceus;1
Elateridae;Limoniscus violaceus;1
Elateridae;Megapenthes lugens;2
Elateridae;Podeonius acuticornis;1
Elateridae;Reitterelater dubius;1
Cerophytidae;Cerophytum elateroides;2
Eucnemidae;Dirrhagofarsus attenuatus;1
Eucnemidae;Farsus dubius;1
Eucnemidae;Microrhagus pyrenaeus;2
Eucnemidae;Nematodes filum;2
Eucnemidae;Otho sphondyloides;1
Eucnemidae;Thambus friwaldszkyi;1
Eucnemidae;Xylophilus testaceus;2
Buprestidae;Acmaeodera degener;1
Buprestidae;Buprestis splendens;1
Buprestidae;Dicerca aenea;2
Buprestidae;Dicerca alni;2
Buprestidae;Dicerca berolinensis;2
Buprestidae;Dicerca furcata;1
Buprestidae;Dicerca moesta;2
Buprestidae;Eurythyrea austriaca;1
Buprestidae;Eurythyrea quercus;1
Bothrideridae;Oxylaemus variolosus;2
Bothrideridae;Teredus cylindricus;2
Bothrideridae;Teredus opacus;1
Cerylonidae;Philothermus evanescens;2
Cerylonidae;Rhizophagidae;
Cerylonidae;Rhizophagus brancsiki;2
Cucujidae;Cucujus haematodes;1
Erotylidae;Dacne notata;1
Erotylidae;Dacne pontica;2
Erotylidae;Triplax collaris;2
Erotylidae;Triplax elongata;1
Erotylidae;Triplax melanocephala;1
Erotylidae;Tritoma subbasalis;2
Cryptophagidae;Cryptophagus confusus;2
Cryptophagidae;Cryptophagus lysholmi;2
Cryptophagidae;Cryptophagus quercinus;2
Laemophloeidae;Cryptolestes abietis;2
Laemophloeidae;Laemophloeus muticus;1
Latridiidae;Corticaria interstitialis;2
Latridiidae;Corticaria lapponica;2
Latridiidae;Corticaria lateritia;2
Latridiidae;Corticaria orbicollis;2
Latridiidae;Latridius brevicollis;2
Mycetophagidae;Mycetophagus ater;2
Mycetophagidae;Mycetophagus decempunctatus;2
Zopheridae;Colydium filiforme;2
Zopheridae;Endophloeus marcovichianus;2
Zopheridae;Lasconotus jelskii;1
Zopheridae;Pycnomerus terebrans;2
Zopheridae;Rhopalocerus rondanii;2
Zopheridae;Synchita separanda;2
Zopheridae;Xylolaemus fasciculosus;1
Endomychidae;Leiestes seminiger;2
Endomychidae;Pleganophorus bispinosus;1
Ciidae;Dolichocis laricinus;1
Ciidae;Ennearthron palmi;2
Endecatomidae;Endecatomus reticulatus;1
Bostrichidae;Lichenophanes varius;2
Bostrichidae;Stephanopachys linearis;2
Bostrichidae;Stephanopachys substriatus;2
Ptinidae;Anitys rubens;2
Ptinidae;Dorcatoma ambjoerni;1
Ptinidae;Ernobius explanatus;2
Ptinidae;Ernobius kiesenwetteri;2
Ptinidae;Ernobius laticollis;2
Ptinidae;Stagetus borealis;2
Ptinidae;Xestobium austriacum;2
Oedemeridae;Ditylus laevis;1
Pythidae;Pytho abieticola;1
Pythidae;Pytho kolwensis;1
Prostomidae;Prostomis mandibularis;2
Melandryidae;Dircaea australis;2
Melandryidae;Dircaea quadriguttata;1
Melandryidae;Mycetoma suturale;2
Melandryidae;Phryganophilus auritus;1
Melandryidae;Phryganophilus ruficollis;1
Melandryidae;Rushia parreyssi;2
Pyrochroidae;Agnathus decoratus;2
Tenebrionidae;Allecula rhenana;2
Tenebrionidae;Bius thoracicus;1
Tenebrionidae;Bolitophagus interruptus;1
Tenebrionidae;Corticeus bicoloroides;2
Tenebrionidae;Corticeus fasciatus;2
Tenebrionidae;Corticeus suturalis;1
Tenebrionidae;Corticeus versipellis;1
Tenebrionidae;Eledonoprius armatus;1
Tenebrionidae;Hymenophorus doublieri;1
Tenebrionidae;Mycetochara obscura;2
Tenebrionidae;Mycetochara quadrimaculata;2
Tenebrionidae;Neatus picipes;2
Tenebrionidae;Platydema dejeani;2
Tenebrionidae;Prionychus melanarius;2
Tenebrionidae;Tenebrio opacus;1
Boridae;Boros schneideri;1
Scarabaeidae;Gnorimus variabilis;2
Scarabaeidae;Osmoderma eremita s.l;2
Lucanidae;Aesalus scarabaeoides;2
Lucanidae;Ceruchus chrysomelinus;2
Cerambycidae;Aegosoma scabricorne;2
Cerambycidae;Akimerus schaefferi;2
Cerambycidae;Alosterna ingrica;2
Cerambycidae;Cerambyx cerdo;2
Cerambycidae;Cornumutila lineata;2
Cerambycidae;Evodinus borealis;1
Cerambycidae;Macroleptura thoracica;1
Cerambycidae;Necydalis ulmi;2
Cerambycidae;Nivellia sanguinosa;2
Cerambycidae;Nothorhina muricata;2
Cerambycidae;Rosalia alpina;2
Cerambycidae;Saperda punctata;2
Cerambycidae;Stictoleptura erythroptera;1
Cerambycidae;Stictoleptura variicornis;2
Cerambycidae;Tragosoma depsarium;2
Curculionidae;Camptorhinus statua;1
Curculionidae;Euryommatus mariae;2
Curculionidae;Gasterocercus depressirostris;2
Curculionidae;Hexarthrum duplicatum;2
Curculionidae;Rhyncolus reflexus;2